,Word,Frequency
0,pasta,11
1,time,6
2,which,3
3,one,4
4,would,1
5,you,19
6,pick,1
7,by,12
8,@foodnsunshine,1
9,1brown,1
10,rice,12
11,sautéed,2
12,zoodles,1
13,tomatoes,4
14,in,43
15,olive,2
16,oil,4
17,salt,6
18,pepper,8
19,garlic,7
20,once,2
21,veggies,2
22,and,72
23,noodles,1
24,are,3
25,cooked,7
26,toss,1
27,all,9
28,together,5
29,with,39
30,a,38
31,splash,2
32,of,32
33,bone,1
34,or,12
35,veggie,1
36,broth,1
37,butter,8
38,smoked,1
39,paprika,1
40,crushed,3
41,red,3
42,flakes,3
43,parsley,1
44,parmesan,1
45,cheese,1
46,234,1
47,cup,10
48,measured,1
49,before,1
50,cooking,1
51,i,6
52,used,1
53,brown,2
54,shells,1
55,cook,5
56,then,8
57,set,3
58,aside,4
59,heat,10
60,1,18
61,tbs,3
62,12,3
63,tsp,3
64,minced,1
65,on,32
66,medium,3
67,add,14
68,2,7
69,sundried,1
70,packed,1
71,spinach,2
72,turn,2
73,off,1
74,will,3
75,wilt,1
76,from,10
77,everything,1
78,else,2
79,sprinkle,4
80,about,5
81,1tbs,1
82,parm,4
83,top,7
84,optional,2
85,extra,1
86,3lemon,1
87,broccoli,3
88,to,48
89,pot,1
90,mix,4
91,trader,1
92,joes,1
93,umami,1
94,seasoning,2
95,squeeze,1
96,lemon,2
97,pre,1
98,4,9
99,gluten,1
100,free,2
101,linguine,1
102,tossed,2
103,vegan,2
104,pesto,2
105,roasted,2
106,halved,1
107,cherry,1
108,italian,1
109,at,9
110,425,1
111,for,36
112,15,1
113,minutes,4
114,5cook,1
115,reserve,1
116,some,4
117,water,3
118,drain,1
119,the,72
120,milk,5
121,into,2
122,pan,7
123,sauce,6
124,thickens,1
125,sun,1
126,dried,1
127,tomato,1
128,stir,6
129,#foodporn,8
130,#veggie,1
131,#foodstagram,3
132,#foodblogger,7
133,#foodpic,1
134,#foodlover,7
135,#foodprep,1
136,#foodlovers,1
137,#foodgram,6
138,#foodlove,1
139,#foodheaven,1
140,#foodshare,1
141,#foodaddict,1
142,#foodoftheday,1
143,#foodinspiration,1
144,#healthyfood,2
145,go,4
146,follow,16
147,@daveymaher_fitness,1
148,he,2
149,works,1
150,specifically,1
151,clients,1
152,who,5
153,have,6
154,hormonal,1
155,metabolism,1
156,issues,1
157,help,4
158,them,3
159,get,5
160,shape,2
161,dm,2
162,him,1
163,hormones,1
164,slowroasted,1
165,cajun,1
166,salmon,1
167,orzo,1
168,salad,1
169,simple,1
170,easy,2
171,healthy,2
172,delicious,2
173,backpocket,1
174,dinner,1
175,@primal_gourmet,1
176,love,3
177,this,15
178,idea,1
179,substitute,1
180,ingredients,8
181,fit,1
182,your,12
183,needs,2
184,creative,2
185,use,1
186,options,2
187,@le_miericette,1
188,#mealprepdaily,1
189,#mealpreprecipes,1
190,#mealprepmadeeasy,1
191,#healthycooking,1
192,#eatsmart,1
193,#mealpreps,1
194,#mealprepideas,2
195,#mealprep,1
196,@bodysmartfitness,11
197,best,5
198,nutrition,6
199,mindset,4
200,fitness,6
201,tips,5
202,weekday,1
203,mealprep,1
204,chicken,7
205,teriyaki,1
206,stirfry,1
207,@buzzfeedtasty,1
208,servings,1
209,3,6
210,breasts,1
211,cubed,1
212,taste,5
213,teaspoon,1
214,½,2
215,soy,3
216,118,1
217,ml,1
218,⅓,1
219,honey,2
220,113,1
221,g,2
222,tablespoons,1
223,sesame,3
224,seed,1
225,more,6
226,garnish,1
227,onion,3
228,sliced,4
229,small,1
230,bell,1
231,peppers,1
232,thinly,2
233,cups,2
234,500,1
235,green,2
236,white,2
237,preparation,1
238,cut,1
239,over,3
240,mediumhigh,1
241,until,6
242,almost,2
243,done,1
244,reduce,1
245,tablespoon,2
246,seeds,2
247,thickened,1
248,remove,3
249,leaving,1
250,vegetables,3
251,cover,2
252,several,1
253,begin,1
254,soften,1
255,lid,2
256,is,20
257,thick,3
258,again,2
259,split,1
260,evenly,1
261,between,1
262,containers,1
263,refrigerate,2
264,up,5
265,days,1
266,enjoy,2
267,#meals,1
268,#meal,1
269,#mealprepping,1
270,#mealprepsunday,1
271,vietnamese,1
272,pizza,3
273,super,1
274,quick,2
275,meal,2
276,can,8
277,whip,2
278,yes,1
279,it,14
280,was,5
281,bussin,1
282,essentially,1
283,uses,1
284,paper,3
285,instead,1
286,dough,1
287,as,3
288,base,1
289,@viviannecafe,1
290,whatever,1
291,youd,1
292,like,5
293,literally,1
294,anyone,3
295,make,7
296,so,5
297,impress,1
298,someone,1
299,rn,1
300,said,1
301,cant,1
302,egg,2
303,mushrooms,2
304,spring,2
305,onions,2
306,kewpie,1
307,mayo,2
308,sriracha,2
309,method,1
310,place,1
311,low,2
312,fold,1
313,serve,1
314,#vietnamesepizza,1
315,#vietnamesefood,1
316,#easyrecipes,1
317,#easycooking,1
318,#healthyrecipes,1
319,#healthylifestyle,1
320,#cooking,2
321,#recipes,1
322,#sriracha,1
323,#mayo,1
324,#pancake,1
325,#pizza,1
326,if,4
327,youre,2
328,serious,1
329,improving,1
330,health,3
331,these,1
332,stick,1
333,basics,1
334,consistency,2
335,lack,1
336,why,1
337,people,4
338,dont,2
339,achieve,3
340,their,4
341,goals,2
342,advocate,1
343,getting,1
344,better,3
345,every,3
346,day,1
347,youll,2
348,be,5
349,37,1
350,times,2
351,course,1
352,year,2
353,ask,1
354,yourself,3
355,what,4
356,least,2
357,commit,2
358,when,3
359,comes,2
360,action,1
361,steps,1
362,habit,1
363,building,1
364,takes,1
365,win,1
366,do,1
367,build,1
368,there,1
369,its,7
370,head,2
371,likely,1
372,consistent,1
373,give,1
374,not,4
375,6week,1
376,shred,1
377,12week,1
378,transformation,1
379,but,1
380,longer,1
381,period,1
382,patience,1
383,back,1
384,fads,3
385,drinking,1
386,herbalife,1
387,shakes,1
388,forever,2
389,sustainable,1
390,theres,1
391,another,1
392,way,2
393,deep,3
394,fix,1
395,fad,1
396,leave,1
397,depleted,1
398,energy,3
399,broke,1
400,learn,2
401,balance,4
402,calorie,3
403,deficit,3
404,diets,1
405,put,1
406,understand,1
407,science,1
408,fat,2
409,loss,2
410,dedicated,1
411,helping,1
412,million,1
413,#bebodysmart,1
414,they,2
415,#cutthebs,1
416,facts,1
417,final,1
418,#quote,1
419,#motivationalquote,1
420,#motivation,1
421,#iifym,1
422,#herbalife,1
423,#weightwatchers,1
424,#weightlossmotivation,1
425,#fatlossmotivation,1
426,#goals,1
427,#health,1
428,#fitness,1
429,#weightlossjourney,1
430,#weightlosstransformation,1
431,#fat2fit,1
432,#fatloss,1
433,#diet,1
434,#dieting,1
435,@vickyyee1,1
436,she,1
437,helps,1
438,busy,1
439,professionals,1
440,optimise,1
441,lifestyle,1
442,around,1
443,career,1
444,eat,2
445,pass,2
446,new,3
447,glutenfree,2
448,oatmeal,1
449,raisin,1
450,breakfast,3
451,baskets,2
452,yummy,4
453,fillings,1
454,plain,1
455,throughout,1
456,week,1
457,filling,1
458,toppings,1
459,daymade,1
460,@healthymoodsf,1
461,my,18
462,favorite,3
463,peanut,2
464,jelly,3
465,bananas,6
466,cream,3
467,coconut,3
468,gf,1
469,rolled,1
470,oats,3
471,cinnamon,1
472,maple,2
473,syrup,5
474,vanilla,4
475,extract,4
476,pinch,1
477,raisins,2
478,directions,1
479,preheat,1
480,oven,1
481,350f,1
482,mash,1
483,cinammon,1
484,well,2
485,batter,7
486,5,2
487,using,2
488,fill,2
489,muffin,1
490,press,1
491,down,1
492,fingers,1
493,basket,2
494,6,3
495,bake,2
496,1517,1
497,7,1
498,let,1
499,cool,1
500,yogurt,2
501,mashed,1
502,microwaved,1
503,raspberries,1
504,blueberries,1
505,feel,1
506,here,2
507,#oats,1
508,#oatmeal,1
509,#breakfast,3
510,#breakfastideas,1
511,@coach_brandonkress,1
512,taking,1
513,complexity,1
514,out,2
515,lasting,1
516,results,1
517,without,2
518,nonsense,1
519,good,2
520,soul,1
521,@anamazingappetite,1
522,#soup,1
523,#healthy,1
524,#yummy,1
525,knows,1
526,credit,1
527,@foodyfetish,1
528,us,2
529,@healthyfoodyss,1
530,rights,1
531,reserved,1
532,respective,1
533,owners,1
534,#foodie,6
535,#foodphotography,1
536,#kitchen,1
537,#drinks,1
538,#drink,1
539,baking,2
540,distraction,1
541,flourless,1
542,bread,1
543,perfect,4
544,weekend,2
545,requires,1
546,no,3
547,eggs,1
548,protein,1
549,powder,5
550,beans,2
551,guarantee,1
552,just,3
553,sitting,1
554,pantry,1
555,waiting,1
556,bakedby,1
557,@lilsipper,1
558,dry,2
559,34,1
560,pure,5
561,cacao,1
562,soda,1
563,wet,2
564,apple,1
565,13,1
566,drippy,1
567,almond,1
568,nut,1
569,pulse,1
570,blender,1
571,forms,1
572,fine,1
573,blend,2
574,form,1
575,350,1
576,f,1
577,3040,1
578,option,1
579,dark,1
580,chocolate,3
581,chips,1
582,#bread,1
583,#chocolate,2
584,#chocolatecake,1
585,#homemade,1
586,#vegan,1
587,#dairyfree,1
588,#dessert,1
589,#healthydessserts,1
590,onepot,1
591,rasam,3
592,cooker,1
593,details,4
594,recipe,8
595,video,14
596,youtube,18
597,channel,11
598,link,13
599,bio,12
600,@foodzeee,7
601,search,7
602,foodzeee,8
603,#rasam,1
604,#rasamrice,1
605,#reelkarofeelkaro,15
606,#reelitfeelit,12
607,#foodzeee,9
608,senai,1
609,roast,2
610,veg,2
611,fish,1
612,fry,3
613,elephant,1
614,yam,1
615,detailed,7
616,#yam,1
617,#yamroast,1
618,cheesy,2
619,shin,1
620,ramyun,1
621,tofu,1
622,#ramyun,1
623,#cheeseramyun,1
624,#ramen,1
625,#v,2
626,#shinramyun,1
627,#kookie,1
628,#rm,2
629,#bts,2
630,#lifegoeson,1
631,#suga,2
632,#jin,2
633,#jimin,2
634,#jhope,2
635,#army,2
636,style,1
637,khatta,1
638,meetha,1
639,nimbu,1
640,ka,3
641,achar,1
642,sweet,5
643,spicy,2
644,sour,1
645,pickle,1
646,#pickle,1
647,#sweetlimepickle,1
648,#lemonpickle,1
649,@masalabox,1
650,exciting,1
651,recipes,1
652,hacks,1
653,food,6
654,stories,1
655,mawa,5
656,malpua,4
657,rajasthan,1
658,festive,2
659,treat,1
660,that,2
661,served,3
662,rabdi,2
663,very,1
664,popular,1
665,dessert,3
666,state,1
667,halwais,1
668,makers,1
669,shops,1
670,seen,1
671,handling,1
672,giant,1
673,kadais,1
674,loaded,1
675,ghee,13
676,pour,2
677,ladle,2
678,creamy,2
679,crisp,1
680,dunk,1
681,sugar,6
682,flavored,1
683,cardamom,5
684,saffron,3
685,finally,2
686,golden,2
687,discshaped,1
688,malpuas,1
689,devoured,1
690,rich,2
691,according,1
692,historians,1
693,invented,1
694,during,1
695,vedic,1
696,originated,1
697,orissa,1
698,referred,1
699,amalu,1
700,chappan,1
701,bhog,1
702,offered,1
703,jagannath,1
704,temple,1
705,occasion,1
706,special,1
707,mouthwatering,1
708,home,3
709,required,1
710,1cup,1
711,flour,4
712,2cups,2
713,pd,1
714,18tsp,1
715,semolina,2
716,1tsp,2
717,how,1
718,grate,1
719,keep,2
720,sieve,1
721,sticky,1
722,equal,1
723,quantities,1
724,adding,1
725,warm,4
726,grated,1
727,stirring,1
728,continuously,1
729,whisk,1
730,gradually,1
731,mixture,1
732,smooth,3
733,flowing,2
734,seems,1
735,full,7
736,flame,1
737,spread,1
738,own,1
739,edges,1
740,start,2
741,turning,1
742,flip,1
743,other,4
744,side,1
745,soak,1
746,#mawamalpua,1
747,#malpua,1
748,#indiansweet,1
749,#indiandessert,1
750,#malpuarabdi,1
751,#rajasthanifood,1
752,#rajasthanisweet,1
753,#recipe,2
754,#dessertsofinstagram,1
755,#recipereel,1
756,#instagram,1
757,#india,1
758,#reels,6
759,#reelindia,1
760,#reelsinstagram,6
761,#recipereels,1
762,#masalabox,1
763,elaneer,1
764,nannari,1
765,sarbath,2
766,tender,1
767,#nannarisarbath,1
768,#elaneersarbath,1
769,#tendercoconut,1
770,lets,1
771,raise,1
772,toast,1
773,christmas,5
774,brighten,1
775,season,2
776,milky,2
777,mist,2
778,range,1
779,products,1
780,mysore,5
781,pak,5
782,@milkymistdairy,1
783,meltinmouth,1
784,soft,2
785,textured,1
786,absolute,1
787,indian,3
788,made,4
789,generous,1
790,amount,1
791,gram,1
792,richness,1
793,milkymistdairy,1
794,gave,1
795,distinctive,1
796,texture,1
797,aroma,2
798,totally,1
799,enhanced,1
800,flavour,1
801,heavenly,1
802,definitely,2
803,musttry,1
804,especially,1
805,round,1
806,corner,1
807,tastes,2
808,smells,1
809,fresh,1
810,homemade,1
811,milkymist,1
812,cow,1
813,various,1
814,packaging,1
815,traditional,1
816,locking,1
817,tins,1
818,value,1
819,pouch,1
820,packs,1
821,elegant,1
822,modern,1
823,age,1
824,solid,1
825,pet,1
826,jars,1
827,either,1
828,bliss,1
829,open,1
830,shop,1
831,@,1
832,httpshopmilkymistcom,1
833,uploaded,1
834,soon,2
835,#milkymist,1
836,#mysorepak,1
837,#sweet,1
838,#milkymisttreatschallenge,1
839,#cookwithmilkymist,1
840,mangai,1
841,saadam,1
842,raw,1
843,mango,1
844,mavinakayi,1
845,chitranna,1
846,#mangaisadam,1
847,#mangorice,1
848,velluli,1
849,karam,1
850,kaaram,1
851,#vellulikaram,1
852,got,1
853,hands,1
854,@btscoffeeindia,2
855,insideout,1
856,iced,1
857,coffee,8
858,bts,5
859,cold,2
860,brew,6
861,classic,1
862,americano,1
863,intense,1
864,had,2
865,nice,1
866,nutty,1
867,earthy,1
868,flavors,2
869,coffe,1
870,icecream,1
871,float,1
872,hot,3
873,vannila,1
874,latte,2
875,try,4
876,authentic,1
877,espressobased,1
878,create,1
879,great,1
880,onthego,1
881,specially,2
882,designed,1
883,bottles,1
884,featuring,1
885,members,1
886,ready,1
887,drink,1
888,premium,3
889,anywhere,1
890,started,2
891,selected,1
892,creating,1
893,black,1
894,unsweetened,1
895,sugarfree,1
896,thats,1
897,subtle,1
898,enjoying,1
899,daily,1
900,routine,1
901,work,1
902,needed,1
903,shot,1
904,caffeine,1
905,now,2
906,available,1
907,amazon,1
908,httpswwwamazoninbtshybrewvanillalattedpb09ckypn65refsr_1_5crid141zh2yfm59cxkeywordsbtshotbrewcoffeevanillalatteqid1637991007sprefixbtshotbrew2caps2c307sr85,1
909,purchase,1
910,maniacs,1
911,excellent,1
912,gift,1
913,army,1
914,#btscoffee,1
915,#btscoffeeindia,1
916,#americano,1
917,#junkook,1
918,#btsarmy,1
919,#latte,1
920,bade,2
921,brands,1
922,fail,1
923,kardiye,1
924,isne,1
925,coming,1
926,mohalla,1
927,aapka,1
928,dosa,1
929,lover,1
930,#dilsefoodie,10
931,#dilsecouple,8
932,lunch,3
933,dad,1
934,peeli,1
935,mirch,1
936,wale,1
937,chole,2
938,kulche,1
939,nai,2
940,sadak,2
941,chandni,2
942,chowk,2
943,mahender,1
944,ji,3
945,ke,1
946,dahi,1
947,bhalla,1
948,papdi,1
949,chaat,1
950,samosa,2
951,lovers,2
952,bhaiyo,1
953,bijli,1
954,se,1
955,kam,1
956,nahi,1
957,hai,1
958,giani,1
959,rabri,1
960,faluda,1
961,patna,2
962,roll,1
963,blue,1
964,moon,1
965,veteran,1
966,journalist,1
967,vinod,1
968,dua,1
969,passed,1
970,away,1
971,man,1
972,actually,1
973,hosting,1
974,show,1
975,zaika,1
976,india,1
977,inspired,1
978,many,1
979,true,1
980,deepest,1
981,condolences,1
982,family,1
983,dilli,1
984,ki,1
985,sardi,1
986,pav,3
987,bhaji,2
988,chatrasal,1
989,stadium,1
990,wali,1
991,rdk,1
992,roshan,1
993,di,1
994,kulfi,1
995,rajouri,1
996,outlet,1
997,amazing,2
998,aloo,1
999,tikki,1
1000,@dilsecouple,1
1001,hardworking,1
1002,uncle,1
1003,selling,1
1004,challi,1
1005,streets,1
1006,#foodieincarnate,10
1007,#streetfood,7
1008,#indianfood,7
1009,#viralfood,1
1010,#viralvideos,1
1011,pool,1
1012,@crowneplazagn,1
1013,#sodelhi,6
1014,#newdelhi,5
1015,#foodtalkindia,6
1016,#delhigram,5
1017,#eeeeeats,1
1018,#eatlocal,1
1019,#eatingfortheinsta,1
1020,#foodgasm,5
1021,#eathealthy,1
1022,#soulfood,1
1023,#vscofood,1
1024,#all_shots,1
1025,#foodshot,1
1026,#vscocam,1
1027,#travelgram,1
1028,#delhi_igers,1
1029,#staycation,2
1030,#instafoodbloggers,1
1031,#posing,1
1032,#goodfood,1
1033,#delhidiaries,1
1034,#breakfastgoals,2
1035,#indianbreakfast,1
1036,#hotelblogger,1
1037,#crowneplaza,1
1038,#breakfastbythepool,1
1039,most,3
1040,hygienic,1
1041,namkeen,1
1042,making,2
1043,kindly,3
1044,watch,6
1045,location,3
1046,price,3
1047,#delhifoodblogger,5
1048,#foodpornshare,4
1049,#foodiesofinstagram,4
1050,#indianstreetfood,5
1051,#delhistreetfood,4
1052,#streetfoodindia,4
1053,#mumbaistreetfood,4
1054,#delhifoodie,7
1055,#indianfoodie,4
1056,#desikhana,4
1057,#indianfoodblogger,4
1058,#indianfoodbloggers,8
1059,#delhifood,4
1060,#mumbai,6
1061,#delhi,5
1062,#gujarat,1
1063,#vadodara,2
1064,street,1
1065,everaloo,1
1066,boiling,1
1067,sand,1
1068,#mainpuri,1
1069,#aloo,1
1070,#uniquefood,1
1071,nadda,1
1072,kebab,1
1073,dish,1
1074,disappointed,2
1075,nagpur,1
1076,#nagpur,1
1077,#nadda,1
1078,famous,1
1079,patti,1
1080,vadodara,1
1081,#samosa,1
1082,ice,1
1083,barfi,1
1084,#streefood,1
1085,#icecream,1
1086,#barfi,1
1087,#desserts,1
1088,backdrop,1
1089,mighty,1
1090,himalayas,1
1091,cozy,1
1092,mountain,1
1093,stay,1
1094,mind,1
1095,comfort,1
1096,homely,1
1097,cedar,1
1098,lodge,1
1099,@aahma_hospitality,1
1100,wont,1
1101,#nainital,1
1102,#ramgarh,1
1103,#resort,1
1104,#mountainresort,1
1105,#amarsirohi,1
1106,#desifood,1
1107,#staycations,1
1108,#mumbaifoodblogger,2
1109,#mountainfood,1
1110,#foodwithaview,1
1111,#almora,1
1112,#himalayas,1
1113,#delhifoodbloggers,1
1114,#delhifoodguide,1
1115,#mumbaifoodie,1
1116,dragon,1
1117,fried,1
1118,misal,1
1119,#ahmedabad,1
1120,#friedmisal,1
1121,100,1
1122,natural,1
1123,jaggery,1
1124,#indian,1
1125,#ruralindia,1
1126,#streetfoodondia,1
1127,say,1
1128,cheeeeeese,1
1129,am,1
1130,big,1
1131,fan,1
1132,blooming,1
1133,breads,1
1134,ones,1
1135,heaven,1
1136,ville,1
1137,parle,1
1138,mumbai,6
1139,ever,2
1140,tried,2
1141,#foodmaniacindia,10
1142,#cheeselover,1
1143,#mumbaifood,4
1144,an,1
1145,awesome,1
1146,@arabianteahouse,1
1147,sharjah,1
1148,uae,1
1149,#lunchgoals,1
1150,#mumbaifoodbloggers,3
1151,mini,1
1152,brownies,1
1153,cupcake,1
1154,@theobromapatisserie,1
1155,#christmastime,2
1156,#christmas,1
1157,#foodmaniacreels,2
1158,tandoori,2
1159,topped,1
1160,mint,1
1161,chutney,1
1162,absolutely,1
1163,yumm,1
1164,noor,1
1165,mohammadi,1
1166,hotel,1
1167,bhendi,1
1168,bazaar,1
1169,must,1
1170,#recommended,1
1171,omg,1
1172,know,1
1173,where,1
1174,im,1
1175,gonna,1
1176,check,2
1177,@pongalexpress,3
1178,south,2
1179,click,1
1180,our,2
1181,#pongalexpress,2
1182,#southindianfood,2
1183,beginning,1
1184,look,1
1185,lot,1
1186,32nd,1
1187,avenue,1
1188,gurugram,1
1189,yall,1
1190,half,2
1191,nonveg,1
1192,fav,1
1193,joeys,1
1194,andheri,1
1195,west,1
1196,#pizzalover,1
1197,#weekend,1
1198,chai,2
1199,okhla,1
1200,delhi,1
1201,tag,1
1202,#chai,1
1203,#tandoorichai,1
1204,craving,1
1205,recently,1
1206,ordered,1
1207,enjoyed,1
1208,bite,1
1209,loved,1
1210,idlis,1
1211,wada,1
1212,guys,2
1213,need,1
1214,asap,1
1215,order,1
1216,told,1
1217,really,1
1218,burgers,1
1219,poetry,1
1220,cheesecake,1
1221,me,1
1222,@tikiappofficial,1
1223,videos,1
1224,#tikiappofficial,1
1225,#tikiindia,1
1226,#burger,1
1227,#huffposttaste,1
